,mean_fit_time,std_fit_time,mean_score_time,std_score_time,param_lasso__alpha,param_poly__degree,params,split0_test_score,split1_test_score,split2_test_score,split3_test_score,split4_test_score,mean_test_score,std_test_score,rank_test_score,split0_train_score,split1_train_score,split2_train_score,split3_train_score,split4_train_score,mean_train_score,std_train_score
0,0.012114143371582032,0.0019144857068700567,0.0013416290283203125,0.0003683500351039673,0.0001,1,"{'lasso__alpha': 0.0001, 'poly__degree': 1}",-0.15708124403271934,-0.14630587174709445,-0.16327807275166475,-0.21163766401891643,-0.16069700996649153,-0.1677999725033773,0.02266949650488711,46,-0.15624960534576404,-0.15810590722569842,-0.152744736553903,-0.14350679859949708,-0.1544735068033458,-0.15301611090564166,0.005079097956353763
1,0.0845400333404541,0.016216729066881944,0.0034677982330322266,0.001490713427038624,0.0001,2,"{'lasso__alpha': 0.0001, 'poly__degree': 2}",-0.19657462920244048,-0.22046837803519315,-0.1792877202067312,-0.2256710964941604,-0.1825451723282036,-0.2009093992533458,0.019074733906304833,106,-0.13479613184807718,-0.13644008867681554,-0.13337370829492395,-0.12612971302259174,-0.13488812898623387,-0.13312555416572844,0.00363006921663127
2,0.6169965744018555,0.02301259193450165,0.015327644348144532,0.005723514190481758,0.0001,3,"{'lasso__alpha': 0.0001, 'poly__degree': 3}",-0.39563416709800603,-0.3317720214117971,-0.29948896648343054,-0.4199816122721371,-0.22155993941126115,-0.33368734133532635,0.07075289672338314,138,-0.10495917153712217,-0.10844881318850907,-0.10320483564790972,-0.10093240788444593,-0.10876564538761332,-0.10526217472912006,0.003016630812163002
3,3.242452335357666,0.5582494100511539,0.060231924057006836,0.004820418178076771,0.0001,4,"{'lasso__alpha': 0.0001, 'poly__degree': 4}",-0.6357108172491999,-2.865158426998718,-0.51319140748565,-0.3486423286874273,-0.2868841006150443,-0.9299174162072078,0.9753715631898814,144,-0.08774502781936565,-0.08869830705533358,-0.08437658499400179,-0.08307473076460442,-0.08952661553625647,-0.08668425323391238,0.002514544258367419
4,12.279334259033202,1.0697056502264082,0.2725804328918457,0.03226122480469817,0.0001,5,"{'lasso__alpha': 0.0001, 'poly__degree': 5}",-0.5325783184671127,-27.710228514109758,-0.5827232951428162,-0.5594318224409867,-0.3665549445739828,-5.950303378946931,10.88022743688752,150,-0.07876778407909567,-0.07982930550738426,-0.07567529043284835,-0.07314885444761167,-0.07959208388370331,-0.07740266367012866,0.002593237991829892
5,0.007990503311157226,0.0004406903786288803,0.0010946273803710937,0.0002802521468130429,0.00013203517797162948,1,"{'lasso__alpha': 0.00013203517797162948, 'poly__degree': 1}",-0.15706006674318623,-0.14633781996709672,-0.16323703765178368,-0.21163209628084242,-0.16069853122436964,-0.1677931103734557,0.022664841712777658,45,-0.1562779136911406,-0.15815127043599955,-0.15280301330464618,-0.14354189876279586,-0.15451156232048566,-0.15305713170301358,0.005080222210375937
6,0.06597094535827637,0.004612982534939267,0.0033632755279541016,0.000976744435543925,0.00013203517797162948,2,"{'lasso__alpha': 0.00013203517797162948, 'poly__degree': 2}",-0.19425196533225117,-0.21648193186800327,-0.17758982063491802,-0.22527956455839168,-0.18210510894743223,-0.19914167826819926,0.01877503687819039,105,-0.13513033344970266,-0.13675019592737755,-0.13361019574315486,-0.12655935794497605,-0.13507291213362788,-0.13342459903976778,0.003573570819710492
7,0.5336411476135254,0.026230548946518523,0.01600041389465332,0.007903507443242355,0.00013203517797162948,3,"{'lasso__alpha': 0.00013203517797162948, 'poly__degree': 3}",-0.35797619836635847,-0.3052320376545165,-0.2847148879619866,-0.4201891262476339,-0.21545483731653978,-0.3167134175094071,0.06902009478720224,136,-0.1067687077159019,-0.11029406978878897,-0.10514291457127282,-0.10270912368276436,-0.11073192604074251,-0.10712934835989411,0.003053142470833474
8,2.9631897449493407,0.2952121705994961,0.06050548553466797,0.0037884241819012058,0.00013203517797162948,4,"{'lasso__alpha': 0.00013203517797162948, 'poly__degree': 4}",-0.6377820702757433,-2.6844798294707055,-0.42448565958876855,-0.34809966322272395,-0.26491070688877894,-0.8719515858893441,0.914684559471971,143,-0.09065031678352234,-0.09159891278423861,-0.08744231783206338,-0.08614920250928593,-0.09261566798263889,-0.08969128357834984,0.0024785077465129296
9,11.691009712219238,1.3555089711298303,0.2624196529388428,0.01540348706829933,0.00013203517797162948,5,"{'lasso__alpha': 0.00013203517797162948, 'poly__degree': 5}",-0.5518393451651807,-20.306840414371653,-0.4806750149833106,-0.5837960454990252,-0.33223829912581176,-4.451077823828997,7.928355111735276,149,-0.08278256590574357,-0.08332199511958663,-0.07920946759381857,-0.07674879825868434,-0.08294744957490574,-0.08100205529054777,0.0025938567351478374
10,0.012883424758911133,0.002322269184978988,0.0013271331787109374,0.00047169310619813614,0.00017433288221999874,1,"{'lasso__alpha': 0.00017433288221999874, 'poly__degree': 1}",-0.1570012111996722,-0.14638416900522147,-0.16318673439579073,-0.2116289322521794,-0.16069658021062472,-0.1677795254126977,0.022662593211336506,44,-0.15631831153551745,-0.15821496802412094,-0.15288504137320713,-0.1435921169389454,-0.15456229268242277,-0.15311454611084274,0.005081411545696918
11,0.07483129501342774,0.006957102539764792,0.003608894348144531,0.00161365346946138,0.00017433288221999874,2,"{'lasso__alpha': 0.00017433288221999874, 'poly__degree': 2}",-0.1925465036120094,-0.2121514575610852,-0.1754637472460079,-0.22489463075582322,-0.18189628118819415,-0.19739052407262397,0.018540122333363204,104,-0.13551476128239723,-0.13714921821178622,-0.1340826397436986,-0.12714574562256684,-0.13536128831415487,-0.13385073063492076,0.0034911719706538294
12,0.6932250022888183,0.06615491456048646,0.02565789222717285,0.011091734315354826,0.00017433288221999874,3,"{'lasso__alpha': 0.00017433288221999874, 'poly__degree': 3}",-0.3194676935201026,-0.2784422021251778,-0.2690685807535432,-0.41435081737201784,-0.21008570141286467,-0.2982829990367412,0.06774427281967142,135,-0.10912577647669626,-0.11281231905341667,-0.107664592359548,-0.10517627850996933,-0.11331752172336837,-0.10961929762459974,0.0030879476025093846
13,2.8467957019805907,0.2316355736331155,0.06417865753173828,0.005496172233208948,0.00017433288221999874,4,"{'lasso__alpha': 0.00017433288221999874, 'poly__degree': 4}",-0.5361183376494149,-1.9557969500103982,-0.37983291896802784,-0.3419767194770929,-0.2458940695818667,-0.6919237991373601,0.638820300087932,142,-0.09412931806525053,-0.0950032854008954,-0.09100875401205233,-0.08972971707249047,-0.09624516548003924,-0.09322324800614559,0.002458870607901855
14,10.98191237449646,0.5099619993506306,0.26479501724243165,0.02559450740002399,0.00017433288221999874,5,"{'lasso__alpha': 0.00017433288221999874, 'poly__degree': 5}",-0.6001310309718905,-15.755538524109632,-0.3953355516243605,-0.5891789553269062,-0.2947842336387953,-3.526993659134317,6.115374884099093,148,-0.0871200387777459,-0.08709773025479524,-0.08308642340283828,-0.0809548871718105,-0.08691322426049726,-0.08503446077353743,0.0025524199957455756
15,0.008682680130004884,0.00032368289344315393,0.0012112140655517578,0.00015022424527154807,0.00023018073130224678,1,"{'lasso__alpha': 0.00023018073130224678, 'poly__degree': 1}",-0.15694423769281973,-0.14644941969567887,-0.16312816451216064,-0.21163206302059437,-0.16069594624253694,-0.1677699662327581,0.022659363273142094,43,-0.15637518148585242,-0.1583014826675895,-0.15300109482287186,-0.14366517830522632,-0.15463367418730645,-0.1531953222937693,0.0050816257864408345
16,0.08091187477111816,0.010252185124546759,0.004465913772583008,0.0009495990656256232,0.00023018073130224678,2,"{'lasso__alpha': 0.00023018073130224678, 'poly__degree': 2}",-0.18875883485174363,-0.20640546245968466,-0.1731752445427397,-0.22387874964724053,-0.18199655938790796,-0.19484297017786328,0.018156569192506043,96,-0.135948926337284,-0.13758363686245875,-0.13489594272842023,-0.12808784420256342,-0.13591790942593135,-0.13448685191133153,0.003313316140187801
17,0.6465479373931885,0.09991117699279929,0.019019889831542968,0.01189099209252829,0.00023018073130224678,3,"{'lasso__alpha': 0.00023018073130224678, 'poly__degree': 3}",-0.2748446272412191,-0.2634535749449915,-0.24951714283195572,-0.3990253928738295,-0.20555088336037283,-0.2784783242504737,0.06469575606369736,133,-0.11235298693084234,-0.11603430440868898,-0.11068728716771065,-0.10802564156968306,-0.1159641881804608,-0.11261288165147718,0.003090489284385872
18,2.8433468341827393,0.29659939047173367,0.07392964363098145,0.01838791596244086,0.00023018073130224678,4,"{'lasso__alpha': 0.00023018073130224678, 'poly__degree': 4}",-0.46257470097016395,-1.5201147734137692,-0.33622782490698594,-0.32158027720131976,-0.23220208363428077,-0.574539932025304,0.4784609583740118,141,-0.09818478269057718,-0.09895328810138725,-0.09509528565754624,-0.09384006398770317,-0.10045293329012185,-0.09730527074546713,0.002461258780580097
19,10.81665678024292,0.2745560382873863,0.24988079071044922,0.019302443077885336,0.00023018073130224678,5,"{'lasso__alpha': 0.00023018073130224678, 'poly__degree': 5}",-0.5904237340391729,-10.451887558035153,-0.36219077035996333,-0.4935305250275236,-0.26701697406244623,-2.433009912304852,4.010957993855429,147,-0.09159979816332538,-0.09147963758069426,-0.08739236700715969,-0.08557583996870725,-0.09155461014057785,-0.08952045057209289,0.0025451364506280144
20,0.004657077789306641,0.0018930291612498696,0.0008209228515625,0.00024346809404570012,0.0003039195382313198,1,"{'lasso__alpha': 0.0003039195382313198, 'poly__degree': 1}",-0.15674930635108292,-0.14661295550544104,-0.16305854430379257,-0.2115475587926896,-0.16066260963493467,-0.16772619491758817,0.02261969978690233,42,-0.15640562824429372,-0.15841749183275652,-0.15316591767112472,-0.14373170973547844,-0.15467965969421965,-0.15328008143557464,0.0050853767457868775
21,0.06084661483764649,0.004537407414492664,0.0036600112915039064,0.0009399738810281293,0.0003039195382313198,2,"{'lasso__alpha': 0.0003039195382313198, 'poly__degree': 2}",-0.18469434347906954,-0.20150557791727883,-0.1711486889248465,-0.22390009020921312,-0.181965593835037,-0.19264285887308902,0.018410565048807857,94,-0.1366064441708741,-0.1382598404560837,-0.13603187102867575,-0.12911802171668949,-0.13675312176134555,-0.1353538598267337,0.0032036541961839578
22,0.5191973209381103,0.037690798625007106,0.016575002670288087,0.0075920134135885565,0.0003039195382313198,3,"{'lasso__alpha': 0.0003039195382313198, 'poly__degree': 3}",-0.23708628903382317,-0.24489730031315812,-0.22381854099520807,-0.3668535476529225,-0.20048997647324723,-0.25462913089367184,0.05809839935001886,130,-0.11600380317766504,-0.1197468069702587,-0.11434685584510987,-0.11129628056367014,-0.11892312446077925,-0.11606337420349659,0.0030796432986291175
23,2.6437127113342287,0.1153857079654658,0.06341571807861328,0.007061129856261627,0.0003039195382313198,4,"{'lasso__alpha': 0.0003039195382313198, 'poly__degree': 4}",-0.4259035891888807,-0.7747112119302534,-0.2983079043343687,-0.2769141116463318,-0.223976746546036,-0.39996271272917405,0.19877378364190826,139,-0.10226544342864827,-0.10354323028795377,-0.0997802024028843,-0.09854922237963742,-0.10551542233788827,-0.10193070416740242,0.0025148189654316333
24,10.504525184631348,0.3918507401143592,0.25077009201049805,0.0184163906154299,0.0003039195382313198,5,"{'lasso__alpha': 0.0003039195382313198, 'poly__degree': 5}",-0.5791814230166162,-6.603061571400951,-0.3104407551213345,-0.4397035991338476,-0.24960319848834672,-1.6363981094322193,2.4859160825715745,146,-0.09610488030546546,-0.09654285764678099,-0.09211615029234212,-0.09062936269711715,-0.09681969427458043,-0.09444258904325722,0.0025603898983085327
25,0.00426015853881836,0.002318532653255485,0.0007153987884521484,8.408690357566764e-05,0.0004012807031942776,1,"{'lasso__alpha': 0.0004012807031942776, 'poly__degree': 1}",-0.15642718045800916,-0.1465870076363219,-0.16310955620933607,-0.21123686391696922,-0.1604121829328346,-0.1675545582306942,0.022549377428027297,41,-0.15641883478997437,-0.15844420660134453,-0.15334012541517872,-0.1437457487803753,-0.15469581720353764,-0.1533289465580821,0.005087620948354587
26,0.061138057708740236,0.00617255964382873,0.003989124298095703,0.0011253366288488346,0.0004012807031942776,2,"{'lasso__alpha': 0.0004012807031942776, 'poly__degree': 2}",-0.18037699181967923,-0.19831230293103513,-0.1695194130279849,-0.22303285736090006,-0.18113184304463706,-0.19047468163684728,0.018707422960433713,93,-0.13758418614918277,-0.13939583564060795,-0.1372367544303717,-0.13035082510938673,-0.13774845816374578,-0.136463211898659,0.003145420911551847
27,0.4492584228515625,0.019438659186409933,0.016478300094604492,0.007851216919211052,0.0004012807031942776,3,"{'lasso__alpha': 0.0004012807031942776, 'poly__degree': 3}",-0.2136937862111418,-0.23824300463954312,-0.20961933296206084,-0.317870822408059,-0.19660355244650135,-0.23520609973346118,0.04347481590579842,129,-0.1200554466997344,-0.12355457111190565,-0.11787952618450805,-0.11505717295001815,-0.12269952258337595,-0.11984924790590842,0.00312217199344036
28,2.497467374801636,0.1353610365654072,0.06097116470336914,0.00375439567334951,0.0004012807031942776,4,"{'lasso__alpha': 0.0004012807031942776, 'poly__degree': 4}",-0.34067757405186616,-0.3844920334800539,-0.2597738141544599,-0.28527324538606846,-0.21569452596331623,-0.2971822386071529,0.05949169040747347,134,-0.1071490957886114,-0.10895335939676644,-0.10507580284920219,-0.10355771525225632,-0.11099854496268,-0.10714690364990327,0.002655942764955737
29,11.816959857940674,0.9921241521791414,0.305604887008667,0.07540175744304088,0.0004012807031942776,5,"{'lasso__alpha': 0.0004012807031942776, 'poly__degree': 5}",-0.5045700159341117,-4.661143405803539,-0.28135726878034023,-0.34980420811406104,-0.2328911894929138,-1.2059532176249934,1.7300286782477599,145,-0.10107076014571402,-0.10198624862034836,-0.09765619997585197,-0.09618561219400273,-0.10256418770336317,-0.09989260172785605,0.0025160306195674007
30,0.003422451019287109,0.0004710921241387247,0.0007187843322753907,0.00010732474240047513,0.0005298316906283707,1,"{'lasso__alpha': 0.0005298316906283707, 'poly__degree': 1}",-0.15600919620135476,-0.14649595723105457,-0.16313414685206418,-0.21091692665969142,-0.16011742092718792,-0.1673347295742706,0.022501842062636706,34,-0.15644181109614527,-0.15845538109087157,-0.15345626715939673,-0.14375433649146938,-0.15472085438866837,-0.15336573004531026,0.0050909776546100155
31,0.06185016632080078,0.003464733427322437,0.004801797866821289,0.0010127699010827255,0.0005298316906283707,2,"{'lasso__alpha': 0.0005298316906283707, 'poly__degree': 2}",-0.17565940047320663,-0.19541340185620074,-0.16776994925141966,-0.22200740643436384,-0.1781273563947682,-0.1877955028819918,0.019340463106368038,92,-0.13892557372564893,-0.1410329567412058,-0.13854981386213075,-0.13183347147031568,-0.13899714806144672,-0.13786779277214956,0.0031397704759108308
32,0.5741212368011475,0.08757672475091048,0.018514204025268554,0.008191555726112375,0.0005298316906283707,3,"{'lasso__alpha': 0.0005298316906283707, 'poly__degree': 3}",-0.203027196889708,-0.23706581114645384,-0.19534764096665258,-0.27190617142128976,-0.1976586664839612,-0.2210010973816131,0.029581857941887512,127,-0.12422065162595904,-0.12807790938275807,-0.12192180447689271,-0.11892286234131674,-0.12603592828056384,-0.12383583122149808,0.0031869892543255635
33,2.9344146251678467,0.3922015207477949,0.07396974563598632,0.022238235575460133,0.0005298316906283707,4,"{'lasso__alpha': 0.0005298316906283707, 'poly__degree': 4}",-0.27767733215377866,-0.30277156965028795,-0.2372159957865003,-0.3053185908408997,-0.212245821512099,-0.2670458619887131,0.03673423872483121,131,-0.11248991232408927,-0.1153590612172299,-0.1101054338173906,-0.10872973374775512,-0.11661057992901393,-0.11265894420709577,0.0029964558621395463
34,11.462685489654541,6.2134989333349235,0.2545952320098877,0.030200768312425748,0.0005298316906283707,5,"{'lasso__alpha': 0.0005298316906283707, 'poly__degree': 5}",-0.4091671044457518,-1.547572448659594,-0.29275916270316266,-0.30405113940431067,-0.21748384995594952,-0.5542067410337538,0.5004251975841905,140,-0.10633949219172685,-0.10845438819997053,-0.10372613458788958,-0.10200955094441695,-0.1090636194715599,-0.10591863707911275,0.0027050356228352423
35,0.003569221496582031,0.0006538069122035447,0.0007215499877929688,6.516405033090064e-05,0.0006995642156712634,1,"{'lasso__alpha': 0.0006995642156712634, 'poly__degree': 1}",-0.15546819728315664,-0.14640709750975311,-0.16313163618901363,-0.21045590263838612,-0.15987431417862108,-0.16706742955978615,0.022410633566507625,32,-0.1564818507744068,-0.15846837442368594,-0.15346932057309526,-0.14377015152486222,-0.15476051972524169,-0.15339004340425838,0.005094615368094654
36,0.05817933082580566,0.0021520174306912184,0.004237556457519531,0.0002472544172089527,0.0006995642156712634,2,"{'lasso__alpha': 0.0006995642156712634, 'poly__degree': 2}",-0.17127304871132948,-0.18611712966545227,-0.16634432290113513,-0.22131538358539563,-0.17510100847447732,-0.18403017866755794,0.019747434311730584,88,-0.14069406054795,-0.14322427791984116,-0.14053832277522887,-0.13343614689812802,-0.14060800201356374,-0.13970016203094235,0.0032915588863617466
37,0.42362027168273925,0.016990806621018227,0.0163177490234375,0.008756706388488114,0.0006995642156712634,3,"{'lasso__alpha': 0.0006995642156712634, 'poly__degree': 3}",-0.18940256744317638,-0.22949372536133897,-0.18366500621716206,-0.2524566388473028,-0.19375027186375318,-0.2097536419465467,0.026698718468113957,109,-0.12789343745041076,-0.13228860661343145,-0.12619404015482866,-0.12244815149345091,-0.1292284945920641,-0.12761054606083716,0.003263091851997705
38,2.152514934539795,0.1501098639173243,0.05934886932373047,0.003893559129167537,0.0006995642156712634,4,"{'lasso__alpha': 0.0006995642156712634, 'poly__degree': 4}",-0.2268266536454602,-0.20464960756940095,-0.212459860308331,-0.27408239850831717,-0.206957393195839,-0.22499518264546967,0.02572682501472235,128,-0.11859696005403887,-0.12190410434473822,-0.11579396959452601,-0.11362056669002144,-0.12167353931273227,-0.11831782799921135,0.0032445097073032004
39,8.91175537109375,0.623886652641809,0.2522910118103027,0.019542129843256456,0.0006995642156712634,5,"{'lasso__alpha': 0.0006995642156712634, 'poly__degree': 5}",-0.29374509241416596,-0.5588853997431681,-0.260835656003853,-0.30129185578070483,-0.21728483985045333,-0.326408568758469,0.11995917972402541,137,-0.11229611430012837,-0.11517237744041726,-0.10958440813631151,-0.10739959130816412,-0.11563148380675435,-0.11201679499835512,0.0031729094145883318
40,0.0044402599334716795,0.001690990211500104,0.0006853580474853515,3.798348440892334e-05,0.0009236708571873865,1,"{'lasso__alpha': 0.0009236708571873865, 'poly__degree': 1}",-0.1547920840976815,-0.1462303318832007,-0.1631530618968316,-0.20984755901006996,-0.15957927902310812,-0.16672046318217837,0.022297089343254653,29,-0.15654954532220453,-0.15849808932171092,-0.15349072873744377,-0.1437980611017503,-0.15478224933437867,-0.15342373476349763,0.005099478587182827
41,0.05477418899536133,0.0027736649480778488,0.004187870025634766,0.0007754009620627336,0.0009236708571873865,2,"{'lasso__alpha': 0.0009236708571873865, 'poly__degree': 2}",-0.16863459262192554,-0.18039607651787937,-0.16554624245477423,-0.22009495010210295,-0.17189323454838176,-0.18131301924901277,0.020014719786647338,81,-0.14293913649583737,-0.14532477706218083,-0.14287560034719018,-0.1346997052452899,-0.14246052556425085,-0.1416599489429498,0.0036230100616197213
42,0.4186716079711914,0.025349353564443344,0.015436029434204102,0.007430235484386243,0.0009236708571873865,3,"{'lasso__alpha': 0.0009236708571873865, 'poly__degree': 3}",-0.18055369260062254,-0.19255623240097425,-0.17870426909920492,-0.23687872858989362,-0.18942795014423694,-0.19562417456698647,0.021275085530249708,97,-0.13173291582250232,-0.1359158041665649,-0.12969685584565074,-0.1257178598530883,-0.13239702584409327,-0.13109209230637991,0.003352931901190797
43,2.5735843181610107,0.6258028542500513,0.10204129219055176,0.058698008601413804,0.0009236708571873865,4,"{'lasso__alpha': 0.0009236708571873865, 'poly__degree': 4}",-0.20028272921659626,-0.19495319786607881,-0.19575333095342076,-0.25888376597156637,-0.20306490561835686,-0.21058758592520382,0.024330191155869724,110,-0.12371137733783032,-0.1282893047067029,-0.12177828446449941,-0.11766753748072022,-0.126932258049033,-0.12367575240775716,0.0037839131635800526
44,9.60666527748108,1.423050035588298,0.25447993278503417,0.024012408261791268,0.0009236708571873865,5,"{'lasso__alpha': 0.0009236708571873865, 'poly__degree': 5}",-0.2379251001433098,-0.39227196037179113,-0.23741563341306937,-0.27408358991087367,-0.22030134362745052,-0.27239952549329893,0.0624480840037243,132,-0.117612481564244,-0.12139170700367696,-0.11500359801103217,-0.11245910928213164,-0.12166219765994361,-0.11762581870420567,0.003578976816174621
45,0.0046885013580322266,0.002275908325218436,0.0008025646209716796,0.00012914326105355173,0.0012195704601594415,1,"{'lasso__alpha': 0.0012195704601594415, 'poly__degree': 1}",-0.1540485552483405,-0.14611062809959527,-0.16325480793394184,-0.20919582494555852,-0.1592154483935612,-0.16636505292419945,0.022168461113774057,23,-0.15665365140831136,-0.15853217957027918,-0.15351126440492083,-0.14383072349913398,-0.15481145100805777,-0.1534678539781406,0.005108387618077279
46,0.05677642822265625,0.006926876730012832,0.004117584228515625,0.0009381605326195145,0.0012195704601594415,2,"{'lasso__alpha': 0.0012195704601594415, 'poly__degree': 2}",-0.16594755577521653,-0.17431706705347602,-0.1638882135698661,-0.21798312184543486,-0.16943255337606164,-0.17831370232401103,0.020147094339136317,79,-0.14473902753114323,-0.14697859597168042,-0.14518592570100214,-0.13576650649990527,-0.14439886569045468,-0.14341378427883716,0.003925707073102312
47,0.6179810523986816,0.16913805560984319,0.025304222106933595,0.01846323702770082,0.0012195704601594415,3,"{'lasso__alpha': 0.0012195704601594415, 'poly__degree': 3}",-0.17469698837356656,-0.18018931406890207,-0.17285991127011197,-0.22657064346089598,-0.18102234950714924,-0.18706784133612517,0.01999618345740462,91,-0.13541508845846945,-0.1394912259428256,-0.13310021701813884,-0.12918886826110645,-0.13531035221506427,-0.13450115037912092,0.0033637449409534203
48,2.0927877902984617,0.04519084911203358,0.05986433029174805,0.004446767337604092,0.0012195704601594415,4,"{'lasso__alpha': 0.0012195704601594415, 'poly__degree': 4}",-0.18702709321730276,-0.20685755378086249,-0.18671776069649132,-0.2403376773462291,-0.20075601502655735,-0.20433922001348861,0.019622924633943883,108,-0.1281790547293048,-0.13358723552049406,-0.12708677669727947,-0.12150649180939169,-0.1308211183678683,-0.12823613542486764,0.0040479327052415975
49,8.577430772781373,0.5377373067859931,0.25699567794799805,0.027408790131454617,0.0012195704601594415,5,"{'lasso__alpha': 0.0012195704601594415, 'poly__degree': 5}",-0.20637733464740732,-0.20046783594730272,-0.21228619108753238,-0.24009315884153065,-0.21335957240581832,-0.21451681858591826,0.013594772602689377,126,-0.12323475286463999,-0.1269610756395236,-0.120471670383018,-0.11668666772973711,-0.1266180999324609,-0.12279445330987593,0.0038697608207356664
50,0.003466176986694336,0.0010413983081212828,0.0006604194641113281,1.526996084366409e-05,0.0016102620275609393,1,"{'lasso__alpha': 0.0016102620275609393, 'poly__degree': 1}",-0.15310694348483164,-0.14607269339979853,-0.16342974909261995,-0.20870167206369905,-0.15874180435240226,-0.1660105724786703,0.02211808439524826,19,-0.15683512150702872,-0.15856448155856506,-0.15354464350181504,-0.14386238913911298,-0.154871208745164,-0.15353556889033718,0.005128965446653897
51,0.03607606887817383,0.011719239808200466,0.002978992462158203,0.0013637006805800405,0.0016102620275609393,2,"{'lasso__alpha': 0.0016102620275609393, 'poly__degree': 2}",-0.16188619574307211,-0.1698115031781499,-0.16247963753092043,-0.21576691435061848,-0.16615718318919084,-0.17522028679839033,0.020472156316172323,76,-0.14707341777526498,-0.1483036550153459,-0.1467672771154525,-0.13668445191029552,-0.14604619443771288,-0.14497499925081433,0.00420894770175152
52,0.43641014099121095,0.03856030535293178,0.01572103500366211,0.006986800725317885,0.0016102620275609393,3,"{'lasso__alpha': 0.0016102620275609393, 'poly__degree': 3}",-0.16862898063844206,-0.17527786945209822,-0.16648082432753217,-0.22026548403625407,-0.1762471843080724,-0.1813800685524798,0.019800184813981356,82,-0.13940801309262438,-0.14184467009702534,-0.13762122201018906,-0.13195801381621808,-0.13820071757204605,-0.1378065273176206,0.003263929778170234
53,2.077628755569458,0.14643173376683133,0.05930643081665039,0.004063790626479705,0.0016102620275609393,4,"{'lasso__alpha': 0.0016102620275609393, 'poly__degree': 4}",-0.17978268927784083,-0.19966945199232475,-0.17740068611535345,-0.2287430167010395,-0.19319048476671133,-0.19575726577065397,0.018450498318272016,98,-0.13186386021940735,-0.13737791808948718,-0.13128957170499034,-0.12549471553128055,-0.13368078452294427,-0.13194137001362194,0.0038619119781388494
54,26.525670194625853,35.12882164507228,0.30495142936706543,0.10227366942619982,0.0016102620275609393,5,"{'lasso__alpha': 0.0016102620275609393, 'poly__degree': 5}",-0.18905252952490348,-0.18632619208532838,-0.19082873988277663,-0.23629216159480385,-0.20407262760137926,-0.2013144501378383,0.018525660786092215,107,-0.12723005624808967,-0.1327540696434357,-0.12656644319772872,-0.1208512749482528,-0.13062990574691477,-0.12760634995688433,0.0040618948529470645
55,0.004144811630249023,0.0005381169042034825,0.0008891582489013672,0.0002215485502816644,0.0021261123338996556,1,"{'lasso__alpha': 0.0021261123338996556, 'poly__degree': 1}",-0.1519719680100022,-0.14603493983842464,-0.16366459889659,-0.20806729399023108,-0.1582669258986841,-0.1656011453267864,0.0220431651109671,15,-0.15714878451936196,-0.15862076999875468,-0.1535961471716364,-0.14391593909644235,-0.15496758439044908,-0.1536498450353289,0.005166060739105257
56,0.03223776817321777,0.012867134740454695,0.005539941787719727,0.004838740568601679,0.0021261123338996556,2,"{'lasso__alpha': 0.0021261123338996556, 'poly__degree': 2}",-0.15766051854509086,-0.1661795886863358,-0.16232245592949185,-0.21289976211279224,-0.16472000055773037,-0.17275646516628823,0.020278463997630322,67,-0.14915608583624,-0.14934965010872997,-0.14802199650160688,-0.13800473252721773,-0.14733125071850867,-0.14637274313846066,0.0042490315769514436
57,0.44898333549499514,0.29924132415353244,0.02415628433227539,0.011967193797155594,0.0021261123338996556,3,"{'lasso__alpha': 0.0021261123338996556, 'poly__degree': 3}",-0.16543132879323375,-0.1708118404566877,-0.16380372696761775,-0.21459257625530975,-0.17072235634840197,-0.17707236576425017,0.018967622461855776,77,-0.14222042472759946,-0.14436699679842824,-0.14112964063090452,-0.13409332748925154,-0.14095087061502914,-0.14055225205224256,0.0034509435925014686
58,2.953290414810181,0.3242116402394325,0.07286267280578614,0.01853579321645789,0.0021261123338996556,4,"{'lasso__alpha': 0.0021261123338996556, 'poly__degree': 4}",-0.17380141430913557,-0.18479534334628453,-0.1694840256559806,-0.2195335002759301,-0.18304838163475648,-0.18613253304441746,0.01764173441435702,90,-0.13694270777709364,-0.14043045003523918,-0.1353910136757842,-0.1292167633966107,-0.13699107652548745,-0.13579440228204304,0.0036789028038156342
59,9.997559070587158,1.245980931861207,0.31380128860473633,0.08536457083202525,0.0021261123338996556,5,"{'lasso__alpha': 0.0021261123338996556, 'poly__degree': 5}",-0.17818938257476025,-0.1857701666376033,-0.1818861715698861,-0.2259063750452559,-0.19767909486079427,-0.19388623813765996,0.01729704262867491,95,-0.13185425470509315,-0.13696685003828718,-0.13173625948068138,-0.1252036996219672,-0.1337171532337526,-0.1318956434159563,0.003843026479971762
60,0.0032689571380615234,0.00066890724370851,0.0008163928985595703,0.00022532442306571628,0.0028072162039411755,1,"{'lasso__alpha': 0.0028072162039411755, 'poly__degree': 1}",-0.15104336894806478,-0.1459756709687911,-0.16388504438652862,-0.20732771430720828,-0.157690108411522,-0.16518438140442296,0.021921932863796536,11,-0.15743266298547262,-0.15871826916088072,-0.15366092229486644,-0.14400328313190444,-0.15513464065975086,-0.15378995564657502,0.005199257199871305
61,0.02332582473754883,0.007892755909329877,0.0025217533111572266,0.00017768509909679407,0.0028072162039411755,2,"{'lasso__alpha': 0.0028072162039411755, 'poly__degree': 2}",-0.1557527590795362,-0.16175904813641698,-0.16279257675260828,-0.21002988992101956,-0.16308771975067443,-0.17068439872805108,0.01985282754959627,63,-0.15069318024868514,-0.15096891299863044,-0.14881772033214746,-0.1397056490025737,-0.14845188458033584,-0.14772746943247453,0.0041319589634512335
62,0.17809576988220216,0.04961094414734418,0.01705303192138672,0.010612462430540764,0.0028072162039411755,3,"{'lasso__alpha': 0.0028072162039411755, 'poly__degree': 3}",-0.1615610098017549,-0.16500367630716833,-0.1628814022342161,-0.2112488958891125,-0.16765949263393642,-0.17367089537323765,0.01890199070339314,68,-0.14446137664551048,-0.1468469772515381,-0.14394193473918157,-0.13588587003160116,-0.14328751291369646,-0.14288473431630555,0.003699977695078641
63,1.271686601638794,0.3847460462573617,0.06694746017456055,0.015016557926388355,0.0028072162039411755,4,"{'lasso__alpha': 0.0028072162039411755, 'poly__degree': 4}",-0.1676661609144151,-0.17287622263363522,-0.16592217997379458,-0.2113852056835433,-0.174754341802732,-0.17852082220162402,0.01674911960772688,80,-0.14060908343560816,-0.14364079835426205,-0.13933944821457678,-0.13333661708992414,-0.13964246295181965,-0.13931368200923816,0.0033536865260203118
64,7.491157150268554,1.5558019886673686,0.2620709896087646,0.030612792016027564,0.0028072162039411755,5,"{'lasso__alpha': 0.0028072162039411755, 'poly__degree': 5}",-0.17341578104535846,-0.1817949105565862,-0.17396130828803094,-0.21392748745943838,-0.18601444769970416,-0.18582278700982363,0.014837541470034585,89,-0.13621617702414066,-0.1408550358237844,-0.13596324992762124,-0.12939242368232798,-0.13704846827275935,-0.1358950709461267,0.003696586422766966
65,0.002893495559692383,0.00020983681702389003,0.0006867885589599609,3.7910983169751695e-05,0.0037065129109221566,1,"{'lasso__alpha': 0.0037065129109221566, 'poly__degree': 1}",-0.15039129733318835,-0.1457675356304224,-0.1641597407566557,-0.20649373356508624,-0.1569741041057191,-0.16475728227821435,0.021770890131293495,7,-0.15761040244980754,-0.15886369571806208,-0.15377053823195266,-0.1441468358999742,-0.15541109596923072,-0.15396051365380545,0.005211745069536774
66,0.017243576049804688,0.0033012050786598328,0.0025117874145507814,0.00020008625808752703,0.0037065129109221566,2,"{'lasso__alpha': 0.0037065129109221566, 'poly__degree': 2}",-0.15458859992446689,-0.1570176200844808,-0.16279311557485757,-0.20925834996669473,-0.16176813109167543,-0.1690851633284351,0.02031152234978708,51,-0.15190283672847366,-0.15260086448914179,-0.149610975925921,-0.14073828066755759,-0.149475770305592,-0.1488657456233372,0.0042463683365168235
67,0.154103422164917,0.03949880910928548,0.01564898490905762,0.007057266140861502,0.0037065129109221566,3,"{'lasso__alpha': 0.0037065129109221566, 'poly__degree': 3}",-0.15801011717155036,-0.1643021161144309,-0.16344565261399152,-0.20829310307017532,-0.16594192088543674,-0.17199858197111695,0.01834143255057582,65,-0.1465305409769373,-0.14901501139341977,-0.145806939305496,-0.13768303609119512,-0.1451064437844711,-0.14482839431030387,0.0038083085949658655
68,0.9011446952819824,0.22677402282517983,0.06441326141357422,0.007119943231201153,0.0037065129109221566,4,"{'lasso__alpha': 0.0037065129109221566, 'poly__degree': 4}",-0.1636856501961323,-0.16310357621731938,-0.16513696296348357,-0.20704804954775635,-0.16950470107351953,-0.17369578799964225,0.01682610980162998,69,-0.14323237194967037,-0.14637639804975158,-0.14252952460935953,-0.13569189763650702,-0.14146562771026186,-0.14185916399111007,0.003490860412261328
69,3.9045746326446533,0.5793474640832175,0.2814666748046875,0.05027547678520226,0.0037065129109221566,5,"{'lasso__alpha': 0.0037065129109221566, 'poly__degree': 5}",-0.16633351301112942,-0.17253261926065727,-0.16752092390195483,-0.20826728254661359,-0.17452260898627367,-0.17783538954132574,0.01551692859223373,78,-0.14023432560283317,-0.14430727669353524,-0.1397089392578546,-0.13336378250685993,-0.1397455911799167,-0.1394719830481999,0.0035043502768840476
70,0.0029972076416015627,0.0002514391950841266,0.0006820201873779297,2.724639343794211e-05,0.004893900918477494,1,"{'lasso__alpha': 0.004893900918477494, 'poly__degree': 1}",-0.14959968503459595,-0.14556369132797398,-0.16451379019805326,-0.2060589400372924,-0.1562971171495838,-0.16440664474949984,0.021794460628457826,3,-0.15790919777683993,-0.15911792286785117,-0.1539570248952339,-0.14434756403840443,-0.15573416076340924,-0.15421317406834772,0.005242641056344135
71,0.015972661972045898,0.0018866477585953714,0.0026178836822509767,0.0003881835918756401,0.004893900918477494,2,"{'lasso__alpha': 0.004893900918477494, 'poly__degree': 2}",-0.15253839916117326,-0.1516399431047505,-0.1631311709093459,-0.20704086724525994,-0.1603945092146224,-0.1669489779270304,0.020527677058976426,30,-0.15312055417255066,-0.15433864915314324,-0.1504238120577521,-0.14178893553337218,-0.15088598639278614,-0.15011158746192088,0.004401946029501507
72,0.21300601959228516,0.06849644791397332,0.02273716926574707,0.009472547552270347,0.004893900918477494,3,"{'lasso__alpha': 0.004893900918477494, 'poly__degree': 3}",-0.15671208746916032,-0.16009439781231166,-0.16375682417520146,-0.20591057732882764,-0.16388809997188913,-0.17007239735147806,0.018113892445679132,61,-0.1490729112273169,-0.1506995111980138,-0.14725842795860297,-0.13917438902717855,-0.14721126683000504,-0.14668330124822343,0.003970729387527522
73,0.915037202835083,0.48334509930779457,0.07878060340881347,0.0283095733018192,0.004893900918477494,4,"{'lasso__alpha': 0.004893900918477494, 'poly__degree': 4}",-0.16005269568779848,-0.16233452949957913,-0.16527686546872508,-0.2057378454983851,-0.1668002569577925,-0.17204043862245605,0.01700959322509175,66,-0.14584825589634304,-0.14882380309108062,-0.14452304522813558,-0.13738582979212116,-0.14345302535845084,-0.14400679187322624,0.0037684187819333826
74,2.9859824657440184,0.489324612439941,0.26669955253601074,0.012871296961412917,0.004893900918477494,5,"{'lasso__alpha': 0.004893900918477494, 'poly__degree': 5}",-0.16180224857611994,-0.16608713139239079,-0.16799974694325345,-0.20771366277883896,-0.1687387966291179,-0.17446831726394418,0.016796406637858967,75,-0.14361836416589338,-0.14718181128321642,-0.14220790972161854,-0.13591378245580638,-0.14199369119864622,-0.14218311176503617,0.0036438422414921236
75,0.0029067516326904295,0.0003120652539477471,0.0007075786590576172,5.811379383307278e-05,0.006461670787466976,1,"{'lasso__alpha': 0.006461670787466976, 'poly__degree': 1}",-0.14892596155854398,-0.14541640625974953,-0.16492837606449626,-0.20586566067664508,-0.15603581076230877,-0.16423444306434873,0.021860125844596307,2,-0.15826261710617617,-0.1595613962726469,-0.15427079918941314,-0.14463939162310135,-0.15615765775220727,-0.15457837238870895,0.005287272800934032
76,0.013953447341918945,0.0026412668106320083,0.0023733139038085937,0.0002542475248141274,0.006461670787466976,2,"{'lasso__alpha': 0.006461670787466976, 'poly__degree': 2}",-0.15088931662377697,-0.1479326430286355,-0.16378421574787966,-0.20437367340580853,-0.15920932403475185,-0.1652378345681705,0.020373607681863304,12,-0.15478350816089223,-0.15586046981695587,-0.15174785144524824,-0.14299134372435732,-0.1528850924702721,-0.15165365312354515,0.004561890388040966
77,0.16461257934570311,0.04482067432357912,0.01644439697265625,0.0066132045500263545,0.006461670787466976,3,"{'lasso__alpha': 0.006461670787466976, 'poly__degree': 3}",-0.15505706527337057,-0.15728001904994207,-0.16345749041701724,-0.20415176548136768,-0.16190317992968054,-0.1683699040302756,0.018146675517297775,48,-0.15135614421531943,-0.15298887789139504,-0.14886419685403013,-0.14099200887128163,-0.1489815825750107,-0.14863656208140738,0.0041218643938421675
78,0.6222670555114747,0.24543337951627803,0.06344523429870605,0.00803365169109438,0.006461670787466976,4,"{'lasso__alpha': 0.006461670787466976, 'poly__degree': 4}",-0.15860098742835077,-0.15838136405494174,-0.16479075938976687,-0.2043746015128029,-0.16516570137350647,-0.17026268275187376,0.017301474144136783,62,-0.1483550347871134,-0.15097857645114832,-0.14657046775634522,-0.1392323385810056,-0.14578771803514243,-0.146184827122151,0.003907258506390601
79,2.5340373039245607,0.8957105994172402,0.3081945896148682,0.06780377798827687,0.006461670787466976,5,"{'lasso__alpha': 0.006461670787466976, 'poly__degree': 5}",-0.1585688849546752,-0.1590389289299455,-0.16640419189809705,-0.20566293880253403,-0.16638949927781657,-0.17121288877261368,0.01755716793627298,64,-0.14655795186206674,-0.14978023662820183,-0.14430815969549135,-0.13788541595756307,-0.14394688807917205,-0.144495730444499,0.0039041370653378612
80,0.0026834487915039064,6.668570640898806e-05,0.0006690502166748046,1.5429495556760165e-05,0.008531678524172814,1,"{'lasso__alpha': 0.008531678524172814, 'poly__degree': 1}",-0.14822451983229437,-0.1454360656779608,-0.16554393153193636,-0.20583011962797404,-0.1559353539313167,-0.16419399812029645,0.021956677365030992,1,-0.15877529111062036,-0.16033401678730963,-0.1547940331659309,-0.14514145145189727,-0.1567529011959411,-0.15515953874233984,0.005345715282737375
81,0.012364625930786133,0.0013006684550853464,0.002433013916015625,0.00021603272563403139,0.008531678524172814,2,"{'lasso__alpha': 0.008531678524172814, 'poly__degree': 2}",-0.14974911757103201,-0.1472447216890583,-0.16453931710267367,-0.20268543045696966,-0.15887457750082332,-0.16461863286411138,0.020025168246743528,6,-0.15627561819492547,-0.15705592976581112,-0.15266547557858925,-0.1440188906144363,-0.15412247192651993,-0.15282767721605642,0.004670416271053261
82,0.17432589530944825,0.02761654290103142,0.02379741668701172,0.006745337153296697,0.008531678524172814,3,"{'lasso__alpha': 0.008531678524172814, 'poly__degree': 3}",-0.15237071804675592,-0.15830126063835886,-0.16412206061554738,-0.20218392644375577,-0.16069382469980842,-0.16753435808884526,0.017743817662107846,40,-0.15356971693104787,-0.1552243922018378,-0.1506924007461463,-0.14325941787996466,-0.1507910388808205,-0.1507073933279634,0.004100627631604011
83,0.915366268157959,0.1258062726818666,0.07818660736083985,0.020166621918269786,0.008531678524172814,4,"{'lasso__alpha': 0.008531678524172814, 'poly__degree': 4}",-0.15585712017607137,-0.1637743202185094,-0.1645091731353486,-0.2020446996845683,-0.16318154507846208,-0.16987337165859198,0.016384158506437273,59,-0.1508879085026386,-0.15346906440982133,-0.14851639390726512,-0.14139461704215753,-0.14833937483852275,-0.14852147174008107,0.0040225349999250355
84,2.6999804019927978,1.0710872707393726,0.2842668056488037,0.08523523917017017,0.008531678524172814,5,"{'lasso__alpha': 0.008531678524172814, 'poly__degree': 5}",-0.15705507486409806,-0.15537035406131056,-0.16540203183185817,-0.203137445404137,-0.16472662429276327,-0.1691383060908334,0.017463820519217008,52,-0.14896168632167378,-0.1523788165058876,-0.14695958105964474,-0.140174680246573,-0.1465757391192658,-0.147010100650609,0.0039886336215581115
85,0.004121160507202149,0.00027936999949291347,0.0011675834655761718,0.00010417854161379004,0.011264816923358867,1,"{'lasso__alpha': 0.011264816923358867, 'poly__degree': 1}",-0.14753881489988155,-0.1464667785427341,-0.1665753294278266,-0.20600580247821834,-0.15596929011228838,-0.1645112030921898,0.02196674710267354,4,-0.15963230699559278,-0.1613603389598218,-0.15570230730389978,-0.14601661721776169,-0.1577629416851208,-0.15609490243243937,0.005380452985003057
86,0.01415877342224121,0.0024004426669034865,0.0028885364532470702,0.0006965407271627299,0.011264816923358867,2,"{'lasso__alpha': 0.011264816923358867, 'poly__degree': 2}",-0.14826039610620564,-0.14670590272130718,-0.16551709813381296,-0.2029776359998832,-0.15947017030472035,-0.16458624065318586,0.020431248580820724,5,-0.1578253894344334,-0.15871742753194965,-0.15372347553918467,-0.14493213438775557,-0.15559900276315328,-0.1541594859312953,0.004931936950298363
87,0.13729724884033204,0.02931567313740355,0.01819744110107422,0.006629589301312613,0.011264816923358867,3,"{'lasso__alpha': 0.011264816923358867, 'poly__degree': 3}",-0.1500124515904598,-0.16197328557851567,-0.16517292701320088,-0.20226883025396092,-0.16043779507930284,-0.16797305790308803,0.01788519816513556,47,-0.15584335185799367,-0.15698944140770527,-0.15271380930882691,-0.1448008824883056,-0.15314167922205435,-0.15269783285697716,0.004263127342843658
88,0.5782384872436523,0.061994403798933444,0.05950045585632324,0.005009813410933399,0.011264816923358867,4,"{'lasso__alpha': 0.011264816923358867, 'poly__degree': 4}",-0.15300476885316025,-0.16629391505027855,-0.16489358174631152,-0.20181042898307455,-0.16175045792746418,-0.16955063051205777,0.016778540619380264,54,-0.15374230899481828,-0.15603840034634783,-0.15108846884456772,-0.14380193094136978,-0.15127546522284746,-0.15118931486999018,0.004113938309489081
89,1.935481643676758,0.2248074917638116,0.2504458427429199,0.019270113673504678,0.011264816923358867,5,"{'lasso__alpha': 0.011264816923358867, 'poly__degree': 5}",-0.15539136555872549,-0.1592459487732803,-0.16588853649444488,-0.20221548659267208,-0.16310779396096417,-0.1691698262760174,0.016898876226604038,53,-0.1521245346746669,-0.15507477579891318,-0.14986735969217393,-0.14242130335515818,-0.1496258061642247,-0.14982275593702737,0.004188178052956461
90,0.0025402069091796874,0.00010139273644552069,0.0006738185882568359,3.145224546352593e-05,0.014873521072935119,1,"{'lasso__alpha': 0.014873521072935119, 'poly__degree': 1}",-0.14704493055520834,-0.1478754166029878,-0.16828441365395672,-0.20562152704990797,-0.1561552115637365,-0.16499629988515946,0.021701437382040986,9,-0.1611634727498971,-0.16271314224738945,-0.15724828215651082,-0.14737432050261776,-0.15938680155581034,-0.15757720384244508,0.005417025932774554
91,0.010346555709838867,0.001064562664857263,0.002391529083251953,0.00017754533259217985,0.014873521072935119,2,"{'lasso__alpha': 0.014873521072935119, 'poly__degree': 2}",-0.14680830380227788,-0.14700370803670632,-0.167160343517479,-0.203526712082139,-0.16017903657760513,-0.16493562080324145,0.020818260868127613,8,-0.15949452527220265,-0.16117450468961794,-0.15562147125064557,-0.14659542356495794,-0.15754819793111915,-0.15608682454170866,0.005097759741813737
92,0.10435996055603028,0.028700554454180367,0.015043830871582032,0.00695937013641701,0.014873521072935119,3,"{'lasso__alpha': 0.014873521072935119, 'poly__degree': 3}",-0.14767468929676802,-0.1558970218211025,-0.16643392141039742,-0.20296948777897028,-0.15991019235914036,-0.16657706253327573,0.019184573209478605,28,-0.1583381347429669,-0.15889549018979404,-0.15473272743994496,-0.14627060608229248,-0.15619633390617854,-0.1548866584722354,0.00455979656296954
93,0.4445362567901611,0.0853493821923259,0.059249353408813474,0.003951576114747862,0.014873521072935119,4,"{'lasso__alpha': 0.014873521072935119, 'poly__degree': 4}",-0.14962904715960437,-0.1642946210673654,-0.16673383931527733,-0.202447713211503,-0.1612390788298742,-0.16886885991672487,0.01778429260316051,50,-0.15647112012696915,-0.15815780916533756,-0.15402544570299534,-0.14610280024101135,-0.15428440984978117,-0.15380831701721892,0.004139019216859509
94,1.7904791355133056,0.42327749070986104,0.2649853706359863,0.025487444793971713,0.014873521072935119,5,"{'lasso__alpha': 0.014873521072935119, 'poly__degree': 5}",-0.1514629770323994,-0.15911099695115377,-0.16687712382481196,-0.20271516128036143,-0.16214763190656936,-0.1684627781990592,0.017844159668939534,49,-0.15524716584227866,-0.1574836999983609,-0.1528910730471168,-0.1451496424762998,-0.15293266671736583,-0.1527408496162844,0.004158414060505202
95,0.002502298355102539,9.739655464464467e-05,0.0007197856903076172,9.498854714058264e-05,0.0196382800192977,1,"{'lasso__alpha': 0.0196382800192977, 'poly__degree': 1}",-0.146596786999563,-0.14786329706760268,-0.17013114062530266,-0.20541648213984898,-0.15584972246158613,-0.1651714858587807,0.02179791738144378,10,-0.16352777056878776,-0.16326659086447626,-0.1585928295514855,-0.14925646339879275,-0.16060095896095103,-0.15904892266889864,0.005222219827977566
96,0.009934282302856446,0.0018045255880262034,0.002367115020751953,0.00020007285973914986,0.0196382800192977,2,"{'lasso__alpha': 0.0196382800192977, 'poly__degree': 2}",-0.146244990483467,-0.14684159248165785,-0.16926869266292466,-0.2044457714195219,-0.16031088491815554,-0.16542238639314535,0.021338999575539214,13,-0.16190646063248404,-0.16247641113509287,-0.15773869683405484,-0.14847809450423383,-0.15946806835080288,-0.15801354629133368,0.005063357820872442
97,0.09066109657287598,0.018396706515387405,0.015104007720947266,0.006936937934478649,0.0196382800192977,3,"{'lasso__alpha': 0.0196382800192977, 'poly__degree': 3}",-0.1461408295281273,-0.15021748789189274,-0.16862263933168092,-0.2043288130806489,-0.16001756715371948,-0.16586546739721386,0.020761259582034272,17,-0.1613136215664615,-0.16106071992555823,-0.15724582222266809,-0.1483074664008212,-0.15839031639388076,-0.15726358930187795,0.004739260055013825
98,0.44707441329956055,0.05843804789886305,0.060210800170898436,0.00382962391833716,0.0196382800192977,4,"{'lasso__alpha': 0.0196382800192977, 'poly__degree': 4}",-0.14678731092502492,-0.1553788250809226,-0.16853837667236415,-0.20431209507233625,-0.16015658936587168,-0.16703463942330393,0.01992480773946695,31,-0.16004428111288593,-0.1599329395726109,-0.15662351539294508,-0.1482430467252835,-0.15745584271870708,-0.1564599251044865,0.0043230808797929555
99,1.6523061752319337,0.13484891267669494,0.2565760135650635,0.018211054888199945,0.0196382800192977,5,"{'lasso__alpha': 0.0196382800192977, 'poly__degree': 5}",-0.14837092448790368,-0.15314977728601065,-0.16868938301298994,-0.20423492910818716,-0.1611530487150989,-0.16711961252203808,0.019810504223111848,33,-0.15863904689292826,-0.1594906630280811,-0.15628188283881655,-0.14818502172874276,-0.15599725156403316,-0.15571877321052036,0.003997679457185727
100,0.002417135238647461,6.823461426846073e-05,0.0006474971771240235,6.367874156933852e-06,0.02592943797404667,1,"{'lasso__alpha': 0.02592943797404667, 'poly__degree': 1}",-0.14644541106974238,-0.14792197278797423,-0.17187423677716512,-0.20616156363900082,-0.15501316474553456,-0.1654832698038834,0.022253226130989102,14,-0.1645270871704406,-0.1641613966746747,-0.15938245970386136,-0.15005644604751353,-0.16159582210791237,-0.15994464234088052,0.005283913087932307
101,0.010825347900390626,0.002610881133411118,0.0023759841918945313,0.000170686296900418,0.02592943797404667,2,"{'lasso__alpha': 0.02592943797404667, 'poly__degree': 2}",-0.14589417612229355,-0.14741670591769018,-0.17086501706099266,-0.20614325883599852,-0.15930107633470184,-0.16592404685433534,0.02204349939370106,18,-0.1638723209941756,-0.16357315467565942,-0.15896796757346227,-0.14990922458885889,-0.16044545531869261,-0.15935362463016975,0.005074654045212754
102,0.09111323356628417,0.024927850859401274,0.0157412052154541,0.008137488528037388,0.02592943797404667,3,"{'lasso__alpha': 0.02592943797404667, 'poly__degree': 3}",-0.14576566908991354,-0.14720572331370055,-0.17068610658810565,-0.2061570811564347,-0.1591670642678909,-0.16579632888320905,0.02210739851995113,16,-0.1635880645102042,-0.16287894927495056,-0.15857239782860558,-0.14985023512597465,-0.15953724604484013,-0.158885378556915,0.004903479728335502
103,0.45769219398498534,0.10885885937429543,0.05958223342895508,0.0040286330384818065,0.02592943797404667,4,"{'lasso__alpha': 0.02592943797404667, 'poly__degree': 4}",-0.14530229728337446,-0.14908249940110685,-0.17030995070511806,-0.20613995406181176,-0.15959876643146675,-0.16608669357657557,0.02184182466618613,21,-0.16335311570962438,-0.16257455938113582,-0.15795701574812535,-0.14980966214024632,-0.15904022041524155,-0.1585469146788747,0.004821875224794417
104,1.6609800815582276,0.2241636392991939,0.25069584846496584,0.019870392046308527,0.02592943797404667,5,"{'lasso__alpha': 0.02592943797404667, 'poly__degree': 5}",-0.1458625150305467,-0.14767789196419687,-0.1703150406314339,-0.20617296252566106,-0.1600801591108999,-0.16602171385254771,0.021948788559758788,20,-0.16275649337891737,-0.16177614563012224,-0.1578558179365159,-0.14976596574461717,-0.15873742188916445,-0.15817836891586742,0.004584502750827067
105,0.002477693557739258,0.00014034698754072526,0.0006586551666259765,1.737454845280767e-05,0.03423597957607583,1,"{'lasso__alpha': 0.03423597957607583, 'poly__degree': 1}",-0.14679434252122175,-0.14824148521828823,-0.1745435251393775,-0.20744429260161637,-0.1542988113068862,-0.166264491357478,0.02285349590737026,22,-0.16602651676705527,-0.16571319190125008,-0.16077912545253903,-0.15144959270404407,-0.16331470233237594,-0.16145662583145287,0.005348914374517842
106,0.00940842628479004,0.0028535387273503623,0.002363729476928711,0.00017334892692407944,0.03423597957607583,2,"{'lasso__alpha': 0.03423597957607583, 'poly__degree': 2}",-0.14598268038109655,-0.14710309713198988,-0.17321740673162536,-0.20703376091818987,-0.1584965141698748,-0.16636669186655528,0.02257997565422569,24,-0.1656826468222111,-0.16475120635196638,-0.16037578516561793,-0.15098689019808825,-0.16191436909706328,-0.16074217952698938,0.005237450835766338
107,0.07614312171936036,0.026347007355857027,0.014856243133544922,0.006930907743381462,0.03423597957607583,3,"{'lasso__alpha': 0.03423597957607583, 'poly__degree': 3}",-0.14596196338931391,-0.14728400725476037,-0.17336065915009916,-0.20703843342597114,-0.15887810159255314,-0.16650463296253956,0.0225370440902282,26,-0.16565227575373545,-0.16466508603993943,-0.16026989295175256,-0.15095963332869503,-0.16122000964171146,-0.16055337954316679,0.005205182026504787
108,0.348492431640625,0.08392040949297787,0.06165399551391602,0.005511392192383433,0.03423597957607583,4,"{'lasso__alpha': 0.03423597957607583, 'poly__degree': 4}",-0.14581333908485092,-0.14726944861276425,-0.17288095094814213,-0.20703040304588305,-0.1591122995860487,-0.1664212882555378,0.02251989916608202,25,-0.16552791203485537,-0.16456228499380818,-0.159861113986431,-0.15093381028369468,-0.1610269222092929,-0.1603824087016164,0.005175146921106892
109,1.4936051845550538,0.37167883082407743,0.24918537139892577,0.02006217757531233,0.03423597957607583,5,"{'lasso__alpha': 0.03423597957607583, 'poly__degree': 5}",-0.14579282017778122,-0.14752293138373415,-0.1728854312767934,-0.20700054877612847,-0.1593603478003771,-0.16651241588296287,0.02245421330608227,27,-0.1654720452237634,-0.16451973349562657,-0.1597727907546563,-0.15090706028919038,-0.1609115311909705,-0.16031663219084144,0.005165927909266947
110,0.0025058746337890624,0.0001963456889937651,0.0006502628326416016,7.282663217112837e-06,0.04520353656360245,1,"{'lasso__alpha': 0.04520353656360245, 'poly__degree': 1}",-0.1479388250257654,-0.1482520658661431,-0.1774247558566588,-0.20898898097116528,-0.15492767947990443,-0.1675064614399274,0.023371015768010164,38,-0.16851001336050578,-0.1678064402379994,-0.16260658787278617,-0.15343251839551897,-0.16569605424729267,-0.1636103228228206,0.005487437126972847
111,0.008369255065917968,0.0015577679731795962,0.0023401737213134765,0.00018805732094041974,0.04520353656360245,2,"{'lasso__alpha': 0.04520353656360245, 'poly__degree': 2}",-0.14673222842275388,-0.14735493042512238,-0.17619916171627936,-0.20833463313878978,-0.15846079226742196,-0.16741634919407347,0.023073530860069504,35,-0.16785407207658581,-0.166952838253609,-0.1621708602231051,-0.1527656478614083,-0.16400124883377976,-0.1627489334496976,0.005390801602989148
112,0.056415891647338866,0.012180876717289398,0.015284252166748048,0.007136063328361656,0.04520353656360245,3,"{'lasso__alpha': 0.04520353656360245, 'poly__degree': 3}",-0.14673225950141702,-0.14745101423076953,-0.17621873666606025,-0.20832668473575966,-0.15845928131529918,-0.16743759528986116,0.023055630782753113,36,-0.16785405513784593,-0.16688724264849916,-0.16216687383277872,-0.152762612982439,-0.1637448486031484,-0.16268312664094225,0.005370725363684196
113,0.3102567672729492,0.07158237042115492,0.059754133224487305,0.004845049640585567,0.04520353656360245,4,"{'lasso__alpha': 0.04520353656360245, 'poly__degree': 4}",-0.1467322657919762,-0.1474519255541225,-0.17624873016938375,-0.2083294598982053,-0.1585501377362866,-0.16746250382999486,0.02305169040657984,37,-0.1678540517103747,-0.16683727213391786,-0.16215105855961837,-0.15276384282153516,-0.1636074041916297,-0.16264272588341516,0.005357551804103636
114,1.3746974468231201,0.32635989674627064,0.24988884925842286,0.018878736730488153,0.04520353656360245,5,"{'lasso__alpha': 0.04520353656360245, 'poly__degree': 5}",-0.14673226738462494,-0.14757461347369288,-0.17626852653436945,-0.20832955710766332,-0.15865385900413279,-0.16751176470089668,0.023023957330902792,39,-0.16785405084266258,-0.166762596097085,-0.1621378249810836,-0.1527638829888749,-0.16348215562703228,-0.16260010210734768,0.0053417835715719696
115,0.0024933815002441406,0.00011784420435605307,0.0006779670715332031,6.087412303535998e-05,0.05968456995122311,1,"{'lasso__alpha': 0.05968456995122311, 'poly__degree': 1}",-0.15028839652225526,-0.14955752474515466,-0.18172841839700524,-0.2111744199370025,-0.1566853129972982,-0.16988681451974316,0.02373414248153008,60,-0.17180941742036507,-0.17061478649952175,-0.16549633213033518,-0.156455587313382,-0.16891761328432145,-0.1666587473295851,0.005526984840060417
116,0.00841073989868164,0.0018484883218173413,0.0023064613342285156,0.0001649731840810392,0.05968456995122311,2,"{'lasso__alpha': 0.05968456995122311, 'poly__degree': 2}",-0.14906784058694014,-0.14889811589612068,-0.1809758550351689,-0.21079359244598236,-0.15902721288406801,-0.16975252336965602,0.02361409419185071,56,-0.17121992894043025,-0.17010841745302258,-0.165076690290204,-0.15580562236912532,-0.16704664840955424,-0.16585146149246727,0.005475212190676187
117,0.05837903022766113,0.019037511070513356,0.01520552635192871,0.006667820948002363,0.05968456995122311,3,"{'lasso__alpha': 0.05968456995122311, 'poly__degree': 3}",-0.14906784058694014,-0.14889811589612068,-0.18097568950587892,-0.21079359244598236,-0.15902577915751098,-0.16975220351848663,0.023614208700797678,55,-0.17121992894043025,-0.17010841745302258,-0.16507667407161092,-0.15580562236912532,-0.16704551276583132,-0.16585123112000408,0.005475163088120674
118,0.32441048622131347,0.0994602494166034,0.058796358108520505,0.004098447439502135,0.05968456995122311,4,"{'lasso__alpha': 0.05968456995122311, 'poly__degree': 4}",-0.14906784058694014,-0.14889811589612068,-0.18097568950587892,-0.21079340494483387,-0.1590752794887639,-0.16976206608450747,0.023609654436513368,57,-0.17121992894043025,-0.17010841745302258,-0.16507667407161092,-0.15580554188693618,-0.1670051329075353,-0.16584313905190703,0.005473454566854782
119,1.3635675430297851,0.42528172078062665,0.25246734619140626,0.020446704178028012,0.05968456995122311,5,"{'lasso__alpha': 0.05968456995122311, 'poly__degree': 5}",-0.1490678407722153,-0.14889811589612068,-0.18097568950587892,-0.21079332158954184,-0.15917178594943343,-0.16978135074263803,0.023600918758151304,58,-0.17121992884303305,-0.17010841745302258,-0.16507667407161092,-0.1558055071300064,-0.16692536069656105,-0.1658271776388468,0.0054701722334343705
120,0.002454996109008789,8.862528826044007e-05,0.0007121562957763672,7.374391098713448e-05,0.07880462815669913,1,"{'lasso__alpha': 0.07880462815669913, 'poly__degree': 1}",-0.15599836971788178,-0.15256616064084547,-0.1886247122834258,-0.21443633101968193,-0.15994733252188795,-0.17431458123674456,0.023788358054612442,70,-0.17688937902916202,-0.1754306653920916,-0.17047238817609853,-0.1615221719722321,-0.173703145094771,-0.17160354993287105,0.005475560433828055
121,0.009590721130371094,0.003627958399121266,0.0022881031036376953,0.0001571309036476667,0.07880462815669913,2,"{'lasso__alpha': 0.07880462815669913, 'poly__degree': 2}",-0.15492296985716184,-0.15236181004086968,-0.18850671110835887,-0.21459121730211386,-0.16142675524514227,-0.1743618927107293,0.023864901361715856,74,-0.17642395016222806,-0.17511892667973944,-0.17014907626264428,-0.1609839669417295,-0.1719244895859394,-0.17092008192645614,0.005445227787497627
122,0.06962475776672364,0.03634182724473355,0.014990091323852539,0.006677880705614579,0.07880462815669913,3,"{'lasso__alpha': 0.07880462815669913, 'poly__degree': 3}",-0.15492296985716184,-0.15236181004086968,-0.18850671110835887,-0.21459121730211386,-0.1614264365286107,-0.174361828967423,0.023864935911867426,71,-0.17642395016222806,-0.17511892667973944,-0.17014907626264428,-0.1609839669417295,-0.17192419282407398,-0.17092002257408306,0.0054452168408494865
123,0.3805596351623535,0.20247241100123503,0.05987515449523926,0.0034789438749663697,0.07880462815669913,4,"{'lasso__alpha': 0.07880462815669913, 'poly__degree': 4}",-0.15492296985716184,-0.15236181004086968,-0.18850671110835887,-0.21459121730211386,-0.1614264365286107,-0.174361828967423,0.023864935911867426,71,-0.17642395016222806,-0.17511892667973944,-0.17014907626264428,-0.1609839669417295,-0.17192419282407398,-0.17092002257408306,0.0054452168408494865
124,1.6575852394104005,0.8582474585656293,0.25449361801147463,0.024123262858281536,0.07880462815669913,5,"{'lasso__alpha': 0.07880462815669913, 'poly__degree': 5}",-0.15492296985716184,-0.15236181004086968,-0.18850671110835887,-0.21459121730211386,-0.1614264365286107,-0.174361828967423,0.023864935911867426,71,-0.1764239501622281,-0.17511892667973944,-0.17014907626264428,-0.1609839669417295,-0.17192419282407398,-0.17092002257408306,0.005445216840849493
125,0.0027171611785888673,0.0005623949447836977,0.00074005126953125,0.00015298924709247067,0.10404983103657853,1,"{'lasso__alpha': 0.10404983103657853, 'poly__degree': 1}",-0.1655394551239021,-0.15859713335426964,-0.19975103211923126,-0.2214773262352206,-0.16615030762399627,-0.18230305089132398,0.024260897271272456,83,-0.1853582256713044,-0.18382409113900813,-0.1789029012570563,-0.16963325428679812,-0.18203457157660674,-0.17995060878615474,0.005588104898055055
126,0.009541988372802734,0.004362873680534938,0.0023833751678466798,0.00029393507214216637,0.10404983103657853,2,"{'lasso__alpha': 0.10404983103657853, 'poly__degree': 2}",-0.1651021818951595,-0.1585669578824783,-0.2000587467895157,-0.2214773262352206,-0.16667068959866646,-0.1823751804802081,0.02430434239921948,84,-0.1852313574774861,-0.1836198255748978,-0.17890944695508626,-0.16963325428679812,-0.1804302115999212,-0.1795648191788379,0.0054473320288204235
127,0.06730380058288574,0.04043547508013982,0.015139055252075196,0.006773093764882916,0.10404983103657853,3,"{'lasso__alpha': 0.10404983103657853, 'poly__degree': 3}",-0.1651021818951595,-0.1585669578824783,-0.2000587467895157,-0.2214773262352206,-0.16667068959866646,-0.1823751804802081,0.02430434239921948,84,-0.1852313574774861,-0.1836198255748978,-0.17890944695508626,-0.16963325428679812,-0.1804302115999212,-0.1795648191788379,0.0054473320288204235
128,0.3690965175628662,0.22883192610845246,0.05962367057800293,0.0047495146193611715,0.10404983103657853,4,"{'lasso__alpha': 0.10404983103657853, 'poly__degree': 4}",-0.1651021818951595,-0.1585669578824783,-0.2000587467895157,-0.2214773262352206,-0.16667068959866646,-0.1823751804802081,0.02430434239921948,84,-0.1852313574774861,-0.1836198255748978,-0.17890944695508626,-0.16963325428679812,-0.1804302115999212,-0.1795648191788379,0.0054473320288204235
129,1.6163051128387451,0.9843031706611465,0.2532813549041748,0.0195405484208728,0.10404983103657853,5,"{'lasso__alpha': 0.10404983103657853, 'poly__degree': 5}",-0.16510218189515952,-0.1585669578824783,-0.2000587467895157,-0.2214773262352206,-0.16667068959866646,-0.1823751804802081,0.024304342399219477,84,-0.1852313574774861,-0.1836198255748978,-0.17890944695508626,-0.16963325428679812,-0.1804302115999212,-0.1795648191788379,0.0054473320288204235
130,0.002378988265991211,4.663857441761222e-05,0.0006786346435546875,4.998850203338411e-05,0.1373823795883264,1,"{'lasso__alpha': 0.1373823795883264, 'poly__degree': 1}",-0.18240700833888512,-0.17016681562234168,-0.2175787692918465,-0.2340956562398312,-0.17759794510628346,-0.19636923891983757,0.02492789234289613,103,-0.19989247438568986,-0.19845810631882793,-0.19345112775813678,-0.1834122471805662,-0.1965608235945797,-0.19435495584756007,0.005880911256825279
131,0.007205152511596679,0.0013581547085841372,0.0022671699523925783,0.00014681539659911315,0.1373823795883264,2,"{'lasso__alpha': 0.1373823795883264, 'poly__degree': 2}",-0.18240700833888512,-0.17014816547200612,-0.21769363536092662,-0.2340956562398312,-0.17707292896775764,-0.19628347887588132,0.02503122780357505,99,-0.19989247438568986,-0.19839684818331668,-0.19339714395617022,-0.1834122471805662,-0.195024727091835,-0.19402468815951562,0.005789032589212052
132,0.04732666015625,0.012307704289359707,0.014951944351196289,0.0069476082765765525,0.1373823795883264,3,"{'lasso__alpha': 0.1373823795883264, 'poly__degree': 3}",-0.18240700833888512,-0.17014816547200612,-0.21769363536092662,-0.2340956562398312,-0.17707292896775764,-0.19628347887588132,0.02503122780357505,99,-0.19989247438568986,-0.19839684818331668,-0.19339714395617022,-0.1834122471805662,-0.195024727091835,-0.19402468815951562,0.005789032589212052
133,0.26781139373779295,0.07027042370333807,0.06286134719848632,0.0037441251949576495,0.1373823795883264,4,"{'lasso__alpha': 0.1373823795883264, 'poly__degree': 4}",-0.18240700833888512,-0.17014816547200612,-0.21769363536092662,-0.2340956562398312,-0.17707292896775764,-0.19628347887588132,0.02503122780357505,99,-0.19989247438568986,-0.19839684818331668,-0.19339714395617022,-0.1834122471805662,-0.195024727091835,-0.19402468815951562,0.005789032589212052
134,1.1223839282989503,0.2890643004737837,0.25496478080749513,0.027476035901107556,0.1373823795883264,5,"{'lasso__alpha': 0.1373823795883264, 'poly__degree': 5}",-0.18240700833888512,-0.17014816547200612,-0.21769363536092662,-0.2340956562398312,-0.17707292896775764,-0.19628347887588132,0.02503122780357505,99,-0.19989247438568986,-0.19839684818331668,-0.19339714395617022,-0.1834122471805662,-0.195024727091835,-0.19402468815951562,0.005789032589212052
135,0.002410411834716797,0.0001895116084651885,0.0006505966186523438,1.9503980464601194e-05,0.1813930693911063,1,"{'lasso__alpha': 0.1813930693911063, 'poly__degree': 1}",-0.20125719771220402,-0.18646187314701956,-0.23411692719746668,-0.25124184191014315,-0.19377194468527778,-0.21336995693042227,0.02497824028995164,111,-0.21561562885915372,-0.2193016930293015,-0.20765158621295726,-0.20264599284393714,-0.21645562200892646,-0.21233410459085525,0.00619819463357825
136,0.006303930282592773,0.0008871982703080782,0.002318859100341797,0.00013477707592091565,0.1813930693911063,2,"{'lasso__alpha': 0.1813930693911063, 'poly__degree': 2}",-0.20125719771220402,-0.18646187314701956,-0.23411692719746668,-0.25124184191014315,-0.19377194468527778,-0.21336995693042227,0.02497824028995164,111,-0.21561562885915372,-0.2193016930293015,-0.20765158621295726,-0.20264599284393714,-0.21645562200892646,-0.21233410459085525,0.00619819463357825
137,0.03769650459289551,0.0046712099752232615,0.015218496322631836,0.0065912171132744,0.1813930693911063,3,"{'lasso__alpha': 0.1813930693911063, 'poly__degree': 3}",-0.20125719771220402,-0.18646187314701956,-0.23411692719746668,-0.25124184191014315,-0.19377194468527778,-0.21336995693042227,0.02497824028995164,111,-0.21561562885915372,-0.2193016930293015,-0.20765158621295726,-0.20264599284393714,-0.21645562200892646,-0.21233410459085525,0.00619819463357825
138,0.200705623626709,0.02296591735927017,0.05905017852783203,0.004437239523408931,0.1813930693911063,4,"{'lasso__alpha': 0.1813930693911063, 'poly__degree': 4}",-0.20125719771220402,-0.18646187314701956,-0.23411692719746668,-0.25124184191014315,-0.19377194468527778,-0.21336995693042227,0.02497824028995164,111,-0.21561562885915372,-0.2193016930293015,-0.20765158621295726,-0.20264599284393714,-0.21645562200892646,-0.21233410459085525,0.00619819463357825
139,0.8874909400939941,0.13180387363643767,0.25048532485961916,0.019312379789753795,0.1813930693911063,5,"{'lasso__alpha': 0.1813930693911063, 'poly__degree': 5}",-0.20125719771220402,-0.18646187314701956,-0.23411692719746668,-0.25124184191014315,-0.19377194468527778,-0.21336995693042227,0.02497824028995164,111,-0.21561562885915372,-0.2193016930293015,-0.20765158621295726,-0.20264599284393714,-0.21645562200892646,-0.21233410459085525,0.00619819463357825
140,0.002356815338134766,0.00010022447837751847,0.000646209716796875,9.017897136196797e-06,0.2395026619987486,1,"{'lasso__alpha': 0.2395026619987486, 'poly__degree': 1}",-0.20125719771220402,-0.18646187314701956,-0.23411692719746668,-0.2515464724238648,-0.19451703964571473,-0.21357990202525398,0.02495539670967239,116,-0.21561562885915372,-0.2193016930293015,-0.20765158621295726,-0.2030000337257085,-0.21737086008064888,-0.212587960381554,0.0062195375953127815
141,0.006464719772338867,0.0008161030280861771,0.0022952079772949217,0.00014875664068718372,0.2395026619987486,2,"{'lasso__alpha': 0.2395026619987486, 'poly__degree': 2}",-0.20125719771220402,-0.18646187314701956,-0.23411692719746668,-0.2515464724238648,-0.19451703964571473,-0.21357990202525398,0.02495539670967239,116,-0.21561562885915372,-0.2193016930293015,-0.20765158621295726,-0.2030000337257085,-0.21737086008064888,-0.212587960381554,0.0062195375953127815
142,0.03727498054504395,0.0051623428220839975,0.014801740646362305,0.006808765556170184,0.2395026619987486,3,"{'lasso__alpha': 0.2395026619987486, 'poly__degree': 3}",-0.20125719771220402,-0.18646187314701956,-0.23411692719746668,-0.2515464724238648,-0.19451703964571473,-0.21357990202525398,0.02495539670967239,116,-0.21561562885915372,-0.2193016930293015,-0.20765158621295726,-0.2030000337257085,-0.21737086008064888,-0.212587960381554,0.0062195375953127815
143,0.20197620391845703,0.02165853189161486,0.05906534194946289,0.003815010588414628,0.2395026619987486,4,"{'lasso__alpha': 0.2395026619987486, 'poly__degree': 4}",-0.20125719771220402,-0.18646187314701956,-0.23411692719746668,-0.2515464724238648,-0.19451703964571473,-0.21357990202525398,0.02495539670967239,116,-0.21561562885915372,-0.2193016930293015,-0.20765158621295726,-0.2030000337257085,-0.21737086008064888,-0.212587960381554,0.0062195375953127815
144,0.8886794090270996,0.1347755993462574,0.25121269226074217,0.01759054935121893,0.2395026619987486,5,"{'lasso__alpha': 0.2395026619987486, 'poly__degree': 5}",-0.20125719771220402,-0.18646187314701956,-0.23411692719746668,-0.2515464724238648,-0.19451703964571473,-0.21357990202525398,0.02495539670967239,116,-0.21561562885915372,-0.2193016930293015,-0.20765158621295726,-0.2030000337257085,-0.21737086008064888,-0.212587960381554,0.0062195375953127815
145,0.0024425029754638673,0.0001484189339527432,0.0007121562957763672,7.899322415262172e-05,0.31622776601683794,1,"{'lasso__alpha': 0.31622776601683794, 'poly__degree': 1}",-0.20125719771220402,-0.18646187314701956,-0.23411692719746668,-0.2515464724238648,-0.19451703964571473,-0.21357990202525398,0.02495539670967239,116,-0.21561562885915372,-0.2193016930293015,-0.20765158621295726,-0.2030000337257085,-0.21737086008064888,-0.212587960381554,0.0062195375953127815
146,0.006254339218139648,0.00095612521664164,0.0023601531982421877,0.0001990569495931004,0.31622776601683794,2,"{'lasso__alpha': 0.31622776601683794, 'poly__degree': 2}",-0.20125719771220402,-0.18646187314701956,-0.23411692719746668,-0.2515464724238648,-0.19451703964571473,-0.21357990202525398,0.02495539670967239,116,-0.21561562885915372,-0.2193016930293015,-0.20765158621295726,-0.2030000337257085,-0.21737086008064888,-0.212587960381554,0.0062195375953127815
147,0.03706231117248535,0.004794402862132681,0.014799880981445312,0.006903674789530476,0.31622776601683794,3,"{'lasso__alpha': 0.31622776601683794, 'poly__degree': 3}",-0.20125719771220402,-0.18646187314701956,-0.23411692719746668,-0.2515464724238648,-0.19451703964571473,-0.21357990202525398,0.02495539670967239,116,-0.21561562885915372,-0.2193016930293015,-0.20765158621295726,-0.2030000337257085,-0.21737086008064888,-0.212587960381554,0.0062195375953127815
148,0.20041680335998535,0.02428155940486384,0.059879112243652347,0.005113945182093488,0.31622776601683794,4,"{'lasso__alpha': 0.31622776601683794, 'poly__degree': 4}",-0.20125719771220402,-0.18646187314701956,-0.23411692719746668,-0.2515464724238648,-0.19451703964571473,-0.21357990202525398,0.02495539670967239,116,-0.21561562885915372,-0.2193016930293015,-0.20765158621295726,-0.2030000337257085,-0.21737086008064888,-0.212587960381554,0.0062195375953127815
149,0.885734224319458,0.13055501307219927,0.250728702545166,0.019959424729827976,0.31622776601683794,5,"{'lasso__alpha': 0.31622776601683794, 'poly__degree': 5}",-0.20125719771220402,-0.18646187314701956,-0.23411692719746668,-0.2515464724238648,-0.19451703964571473,-0.21357990202525398,0.02495539670967239,116,-0.21561562885915372,-0.2193016930293015,-0.20765158621295726,-0.2030000337257085,-0.21737086008064888,-0.212587960381554,0.0062195375953127815
